0000000000304c50,LOCAL,put_dec_trunc
0000000000304d40,LOCAL,put_dec
0000000000304e50,LOCAL,number.isra.1
0000000000305170,LOCAL,printk_char
0000000000305240,LOCAL,string.isra.4
0000000000307500,LOCAL,printnum_16
00000000003087a0,LOCAL,spin_lock_irq_save
00000000003087d0,LOCAL,_vc_display_char_specific
0000000000308890,LOCAL,_switch_to_vc
0000000000308920,LOCAL,_vc_clear_specific
00000000003089b0,LOCAL,_vc_scrollup_specific
0000000000308a70,LOCAL,_vc_putchar_specific
00000000003095c0,LOCAL,_destroy_vc
0000000000309d00,LOCAL,list
000000000030a6d0,LOCAL,df_handler
000000000030a700,LOCAL,pic_spur_int_handler
000000000030aa80,LOCAL,spin_lock_irq_save
000000000030b9a0,LOCAL,__fill_pdpt.constprop.8
000000000030bb10,LOCAL,__fill_pml.isra.0.constpr
000000000034bff0,LOCAL,__FUNCTION__.3133
000000000034bfdd,LOCAL,__FUNCTION__.3124
000000000030d3c0,LOCAL,spin_lock_irq_save
000000000030d470,LOCAL,reader2
000000000030d4a0,LOCAL,reader1
000000000030d550,LOCAL,writer
000000000030d8a0,LOCAL,test2
000000000030d920,LOCAL,test1
000000000030da50,LOCAL,test3
000000000030e910,LOCAL,__rb_rotate_left
000000000030e9a0,LOCAL,__rb_rotate_right
000000000030f210,LOCAL,xcall_handler
000000000030f410,LOCAL,smp_xcall_init_queue
0000000000310000,LOCAL,thread_setup_init_stack
0000000000312410,LOCAL,thread_cleanup
00000000003100e0,LOCAL,spin_lock_irq_save
0000000000310110,LOCAL,nk_enqueue_entry_atomic
0000000000310160,LOCAL,get_runnable_thread
00000000003104a0,LOCAL,thread_init
0000000000311510,LOCAL,tls_dummy
0000000000312e50,LOCAL,barrier_func2
0000000000312e80,LOCAL,barrier_func1
0000000000313100,LOCAL,barrier_xcall_handler
0000000000317ec0,LOCAL,dummy
0000000000317ef0,LOCAL,nemo_ipi_event_recv
0000000000319000,LOCAL,va_to_pa
0000000000319010,LOCAL,pa_to_va
0000000000347d38,LOCAL,block_to_id.part.0
000000000031a760,LOCAL,pa_to_va
000000000031a770,LOCAL,spin_lock_irq_save
000000000031b730,LOCAL,shell
000000000031c0c0,LOCAL,acpi_parse_x2apic_affinit
000000000031c0d0,LOCAL,acpi_parse_processor_affi
000000000031c170,LOCAL,acpi_parse_srat
000000000031c190,LOCAL,acpi_parse_memory_affinit
000000000031c4b0,LOCAL,acpi_parse_slit
000000000031ced0,LOCAL,try_acpi_shutdown
000000000031ee70,LOCAL,pa_to_va
000000000031ee80,LOCAL,dummy_int_handler
000000000031eed0,LOCAL,thermal_int_handler
000000000031ef20,LOCAL,pc_int_handler
000000000031ef70,LOCAL,spur_int_handler
000000000031f080,LOCAL,error_int_handler
000000000031f1d0,LOCAL,null_kick
000000000031fc20,LOCAL,ioapic_assign_irq.part.3
000000000031fd20,LOCAL,ioapic_write_irq_entry
00000000003202b0,LOCAL,pit_irq_handler
0000000000320600,LOCAL,dequeue_scancodes
00000000003208e0,LOCAL,kbd_handler
0000000000320c00,LOCAL,pci_bus_probe
0000000000321030,LOCAL,pci_fun_probe
0000000000321670,LOCAL,Serial_Finish
0000000000321680,LOCAL,spin_lock_irq_save.constp
00000000003217b0,LOCAL,Serial_Emit
0000000000321c00,LOCAL,serial_irq_handler
00000000003220e0,LOCAL,stack_init
00000000003221a0,LOCAL,f_luaopen
00000000003223a0,LOCAL,freestack
0000000000322400,LOCAL,close_state
0000000000322950,LOCAL,swapextra.part.1
0000000000322970,LOCAL,getobjname
0000000000322ce0,LOCAL,kname
0000000000322d60,LOCAL,findlocal.isra.7
0000000000323ae0,LOCAL,seterrorobj
0000000000347d91,LOCAL,resume_error
0000000000323bf0,LOCAL,checkmode
0000000000323c70,LOCAL,f_parser
00000000003246f0,LOCAL,unroll
00000000003247e0,LOCAL,resume
0000000000324dd0,LOCAL,reallymarkobject
0000000000324f60,LOCAL,markmt
0000000000324fc0,LOCAL,markbeingfnz
0000000000325030,LOCAL,sweeplist
00000000003252e0,LOCAL,GCTM
00000000003254c0,LOCAL,dothecall
0000000000325460,LOCAL,callallpendingfinalizers
00000000003254e0,LOCAL,setpause
0000000000325540,LOCAL,iscleared.isra.2
00000000003255a0,LOCAL,clearvalues
00000000003256a0,LOCAL,separatetobefnz.isra.4
0000000000325720,LOCAL,traverseephemeron
0000000000325930,LOCAL,propagatemark
00000000003260c0,LOCAL,convergeephemerons
0000000000326160,LOCAL,clearkeys.constprop.5
0000000000326220,LOCAL,entersweep
00000000003262c0,LOCAL,singlestep
0000000000327130,LOCAL,countint
00000000003271b0,LOCAL,hashnum.isra.0
0000000000327230,LOCAL,mainposition
0000000000328990,LOCAL,lexerror
0000000000328a80,LOCAL,save
0000000000328b10,LOCAL,skip_sep
0000000000328c10,LOCAL,check_next
0000000000328cb0,LOCAL,inclinenumber
0000000000347dd7,LOCAL,escerror
0000000000328e60,LOCAL,read_long_string
0000000000329090,LOCAL,llex
000000000032a090,LOCAL,index2addr
000000000032a130,LOCAL,growstack
000000000032a150,LOCAL,f_call
000000000032a170,LOCAL,moveto
000000000032c7b0,LOCAL,b_shift
000000000032c800,LOCAL,b_rshift
000000000032c850,LOCAL,b_lshift
000000000032c8a0,LOCAL,b_rrot
000000000032c900,LOCAL,b_not
000000000032c940,LOCAL,b_arshift
000000000032c9e0,LOCAL,fieldargs
000000000032cad0,LOCAL,b_replace
000000000032cb60,LOCAL,b_extract
000000000032cbd0,LOCAL,andaux
000000000032cc40,LOCAL,b_test
000000000032cc80,LOCAL,b_and
000000000032ccc0,LOCAL,b_xor
000000000032cd40,LOCAL,b_or
000000000032cdc0,LOCAL,b_lrot
000000000032ce70,LOCAL,dofilecont
000000000032ce90,LOCAL,luaB_type
000000000032cef0,LOCAL,luaB_tostring
000000000032cf30,LOCAL,luaB_tonumber
000000000032d150,LOCAL,luaB_select
000000000032d230,LOCAL,ipairsaux
000000000032d2c0,LOCAL,luaB_rawset
000000000032d340,LOCAL,luaB_rawget
000000000032d3b0,LOCAL,luaB_rawlen
000000000032d430,LOCAL,luaB_rawequal
000000000032d490,LOCAL,luaB_print
000000000032d640,LOCAL,luaB_next
000000000032d6c0,LOCAL,generic_reader
000000000032d7d0,LOCAL,luaB_error
000000000032d880,LOCAL,luaB_collectgarbage
000000000032d9b0,LOCAL,finishpcall
000000000032da60,LOCAL,luaB_xpcall
000000000032db40,LOCAL,pcallcont
000000000032db80,LOCAL,luaB_pcall
000000000032dc20,LOCAL,luaB_setmetatable
000000000032dd10,LOCAL,pairsmeta
000000000032de10,LOCAL,luaB_pairs
000000000032de40,LOCAL,luaB_ipairs
000000000032de70,LOCAL,load_aux.part.3
000000000032ded0,LOCAL,luaB_load
000000000032e070,LOCAL,luaB_getmetatable
000000000032e0f0,LOCAL,luaB_dofile
000000000032e1a0,LOCAL,luaB_assert
000000000032e230,LOCAL,luaB_loadfile
000000000032e3c0,LOCAL,getS
000000000032e3f0,LOCAL,findfield
000000000032e560,LOCAL,pushglobalfuncname
000000000032e640,LOCAL,errfile
000000000032e6d0,LOCAL,getF
000000000032e750,LOCAL,skipBOM
000000000032e7e0,LOCAL,lua_panic
000000000032e830,LOCAL,l_alloc
000000000032e870,LOCAL,skipcomment.part.0
000000000032efa0,LOCAL,typeerror
000000000032f020,LOCAL,tag_error
0000000000330950,LOCAL,db_getregistry
0000000000330970,LOCAL,auxupvalue
0000000000330a30,LOCAL,db_setupvalue
0000000000330a70,LOCAL,db_getupvalue
0000000000330a90,LOCAL,db_setmetatable
0000000000330b20,LOCAL,checkstack
0000000000330b70,LOCAL,db_setuservalue
0000000000330c40,LOCAL,checkupval
0000000000330cf0,LOCAL,db_upvalueid
0000000000330d50,LOCAL,db_upvaluejoin
0000000000330e20,LOCAL,db_getmetatable
0000000000330e70,LOCAL,treatstackoption
0000000000330ef0,LOCAL,db_getuservalue
0000000000330f50,LOCAL,db_debug
00000000003310b0,LOCAL,getthread
0000000000331110,LOCAL,db_traceback
00000000003311d0,LOCAL,db_setlocal
0000000000331310,LOCAL,db_sethook
0000000000331de0,LOCAL,hookf
0000000000331550,LOCAL,db_getlocal
0000000000331720,LOCAL,db_getinfo
0000000000331c40,LOCAL,db_gethook
0000000000331f10,LOCAL,luaB_yield
0000000000331f50,LOCAL,auxresume
00000000003320d0,LOCAL,luaB_costatus
0000000000332240,LOCAL,luaB_corunning
0000000000332280,LOCAL,luaB_cocreate
00000000003322f0,LOCAL,luaB_cowrap
0000000000332340,LOCAL,luaB_auxwrap
0000000000332400,LOCAL,luaB_coresume
0000000000332540,LOCAL,need_value
00000000003325b0,LOCAL,patchtestreg
0000000000332650,LOCAL,removevalues
00000000003326b0,LOCAL,addk
0000000000332860,LOCAL,invertjump.isra.6
00000000003328c0,LOCAL,fixjump.isra.7
0000000000332940,LOCAL,patchlistaux
0000000000332a00,LOCAL,luaK_code
0000000000332b10,LOCAL,freeexp.isra.4.part.5
00000000003331f0,LOCAL,discharge2reg
0000000000333340,LOCAL,exp2reg
00000000003334d0,LOCAL,jumponcond
0000000000333840,LOCAL,codecomp
0000000000333950,LOCAL,codearith
00000000003344f0,LOCAL,DumpBlock.part.0
0000000000334520,LOCAL,DumpString
00000000003345d0,LOCAL,DumpVector.constprop.4
0000000000334650,LOCAL,DumpFunction
0000000000334bd0,LOCAL,getiofile
0000000000334c70,LOCAL,g_write
0000000000334dd0,LOCAL,io_write
0000000000334e10,LOCAL,tofile
0000000000334e80,LOCAL,aux_close
0000000000334ec0,LOCAL,io_close
0000000000334f30,LOCAL,f_gc
0000000000334f80,LOCAL,io_noclose
0000000000334ff0,LOCAL,io_fclose
0000000000335050,LOCAL,newprefile
00000000003350a0,LOCAL,read_chars
0000000000335130,LOCAL,read_all
00000000003351e0,LOCAL,read_line
0000000000335300,LOCAL,g_read
0000000000335690,LOCAL,io_read
00000000003356d0,LOCAL,f_read
0000000000335710,LOCAL,io_popen
00000000003357c0,LOCAL,io_pclose
0000000000335810,LOCAL,f_write
0000000000335860,LOCAL,createstdfile
00000000003358e0,LOCAL,io_open
0000000000335a10,LOCAL,aux_lines
0000000000335b70,LOCAL,io_readline
0000000000335b30,LOCAL,f_lines
0000000000335d40,LOCAL,io_flush
0000000000335d90,LOCAL,f_flush
0000000000335de0,LOCAL,f_setvbuf
0000000000335e80,LOCAL,f_seek
0000000000335fa0,LOCAL,io_type
0000000000336060,LOCAL,io_tmpfile
00000000003360d0,LOCAL,opencheck
0000000000336180,LOCAL,g_iofile
0000000000336250,LOCAL,io_output
0000000000336280,LOCAL,io_input
00000000003362b0,LOCAL,io_lines
00000000003363b0,LOCAL,f_tostring
0000000000336550,LOCAL,math_rad
00000000003365a0,LOCAL,math_deg
00000000003365f0,LOCAL,math_tan
0000000000336640,LOCAL,math_tanh
0000000000336690,LOCAL,math_sqrt
00000000003366e0,LOCAL,math_sin
0000000000336730,LOCAL,math_sinh
0000000000336780,LOCAL,math_randomseed
00000000003367c0,LOCAL,math_min
0000000000336850,LOCAL,math_max
00000000003368e0,LOCAL,math_floor
0000000000336930,LOCAL,math_random
0000000000336b70,LOCAL,math_pow
0000000000336be0,LOCAL,math_modf
0000000000336c50,LOCAL,math_log
0000000000336d40,LOCAL,math_ldexp
0000000000336db0,LOCAL,math_frexp
0000000000336e10,LOCAL,math_fmod
0000000000336e80,LOCAL,math_exp
0000000000336ed0,LOCAL,math_cos
0000000000336f20,LOCAL,math_cosh
0000000000336f70,LOCAL,math_ceil
0000000000336fc0,LOCAL,math_atan
0000000000337010,LOCAL,math_atan2
0000000000337070,LOCAL,math_asin
00000000003370c0,LOCAL,math_acos
0000000000337110,LOCAL,math_abs
0000000000337220,LOCAL,naut_wru
0000000000337290,LOCAL,findloader
0000000000337470,LOCAL,ll_require
0000000000337610,LOCAL,searcher_preload
00000000003376b0,LOCAL,searchpath
00000000003378a0,LOCAL,gctm
0000000000337930,LOCAL,setpath
0000000000337a60,LOCAL,checkload.part.3
0000000000337ad0,LOCAL,ll_searchpath
0000000000337bb0,LOCAL,ll_loadfunc
0000000000337ca0,LOCAL,ll_loadlib
0000000000337d60,LOCAL,loadfunc
0000000000337e70,LOCAL,findfile.constprop.6
0000000000337f10,LOCAL,searcher_Lua
0000000000337fb0,LOCAL,searcher_Croot
0000000000338100,LOCAL,searcher_C
0000000000338460,LOCAL,readhexa
00000000003384e0,LOCAL,pushstr
0000000000338f50,LOCAL,callTM
0000000000339070,LOCAL,call_binTM
0000000000339110,LOCAL,call_orderTM
0000000000339170,LOCAL,l_strcmp
0000000000339220,LOCAL,luaV_tostring.part.1
00000000003399c0,LOCAL,get_equalTM.isra.2.constp
000000000033baa0,LOCAL,os_setlocale
000000000033bb30,LOCAL,os_rename
000000000033bba0,LOCAL,os_remove
000000000033bbf0,LOCAL,os_getenv
000000000033bc40,LOCAL,os_exit
000000000033bd00,LOCAL,os_execute
000000000033bd70,LOCAL,os_difftime
000000000033bde0,LOCAL,os_clock
000000000033be30,LOCAL,os_tmpname
000000000033beb0,LOCAL,getfield
000000000033bf50,LOCAL,os_time
000000000033c110,LOCAL,os_date
000000000033c560,LOCAL,open_func
000000000033c680,LOCAL,error_expected
000000000033c6d0,LOCAL,checknext
000000000033c700,LOCAL,str_checkname
000000000033c740,LOCAL,checkname
000000000033c790,LOCAL,fieldsel
000000000033c800,LOCAL,adjustlocalvars.isra.0
000000000033c850,LOCAL,newlabelentry.isra.3
000000000033c900,LOCAL,checklimit.part.7
000000000033c990,LOCAL,new_localvar
000000000033cb40,LOCAL,new_localvarliteral_
000000000033cb70,LOCAL,newupvalue.isra.8
000000000033ccf0,LOCAL,singlevaraux
000000000033ce90,LOCAL,singlevar
000000000033cf40,LOCAL,closegoto.isra.17
000000000033d050,LOCAL,findgotos
000000000033d0e0,LOCAL,findlabel
000000000033d200,LOCAL,gotostat
000000000033d2b0,LOCAL,check_match
000000000033d370,LOCAL,adjust_assign.isra.19
000000000033d460,LOCAL,leaveblock
000000000033d6e0,LOCAL,close_func
000000000033d8d0,LOCAL,statement
000000000033f5a0,LOCAL,suffixedexp
000000000033e640,LOCAL,body
000000000033e5d0,LOCAL,statlist
000000000033f9f0,LOCAL,cond
000000000033fa80,LOCAL,block
000000000033f350,LOCAL,explist
000000000033fd10,LOCAL,test_then_block
000000000033fcc0,LOCAL,skipnoopstat
000000000033faf0,LOCAL,forbody
000000000033fa40,LOCAL,exp1
000000000033f790,LOCAL,assignment
000000000033e960,LOCAL,subexpr
000000000033f060,LOCAL,constructor
000000000033ee80,LOCAL,yindex
000000000033eee0,LOCAL,recfield.isra.20
000000000033f000,LOCAL,listfield
000000000033f3d0,LOCAL,funcargs
0000000000340100,LOCAL,match_class
0000000000340250,LOCAL,matchbracketclass
0000000000340310,LOCAL,str_upper
00000000003403d0,LOCAL,str_reverse
0000000000340480,LOCAL,str_lower
0000000000340540,LOCAL,str_rep
0000000000340710,LOCAL,str_len
0000000000340750,LOCAL,writer
0000000000340770,LOCAL,gmatch
00000000003429f0,LOCAL,gmatch_aux
00000000003407f0,LOCAL,str_char
00000000003408e0,LOCAL,addlenmod
0000000000340950,LOCAL,str_format
0000000000341270,LOCAL,singlematch.isra.1.part.2
00000000003412d0,LOCAL,classend.isra.3
00000000003413c0,LOCAL,push_onecapture
00000000003414b0,LOCAL,push_captures
0000000000341580,LOCAL,str_dump
0000000000341640,LOCAL,str_sub
0000000000341760,LOCAL,str_byte
00000000003418e0,LOCAL,match
0000000000341f70,LOCAL,str_find_aux
0000000000342370,LOCAL,str_match
0000000000342390,LOCAL,str_find
00000000003423b0,LOCAL,str_gsub
0000000000342c50,LOCAL,set2
0000000000342c90,LOCAL,tremove
0000000000342df0,LOCAL,unpack
0000000000342f60,LOCAL,tinsert
00000000003430d0,LOCAL,pack
00000000003431b0,LOCAL,addfield
0000000000343250,LOCAL,tconcat
00000000003433e0,LOCAL,sort_comp
00000000003434b0,LOCAL,auxsort
0000000000343840,LOCAL,sort
0000000000343950,LOCAL,l_message
00000000003439e0,LOCAL,docall
0000000000343d50,LOCAL,traceback
0000000000343ab0,LOCAL,laction
0000000000343af0,LOCAL,lstop
0000000000343b30,LOCAL,print_version
0000000000343bb0,LOCAL,pushline
0000000000343e00,LOCAL,report
0000000000343eb0,LOCAL,dostring
0000000000343f30,LOCAL,dotty
0000000000344270,LOCAL,pmain
0000000000344e90,LOCAL,error.isra.0
0000000000344ee0,LOCAL,LoadBlock
0000000000344f30,LOCAL,LoadString
0000000000344fb0,LOCAL,LoadInt
0000000000345000,LOCAL,LoadFunction
0000000000346c40,LOCAL,acpi_tb_validate_rsdp
00000000003472a0,LOCAL,pong_bcast
0000000000347300,LOCAL,pong
0000000000347e70,LOCAL,__reg_op
0000000000320670,GLOBAL,kbd_translate
00000000003249d0,GLOBAL,lua_resume
00000000003185c0,GLOBAL,test_nemo
000000000032c060,GLOBAL,lua_getupvalue
0000000000314a70,GLOBAL,clock_gettime
00000000003141e0,GLOBAL,nk_numa_init
0000000000327cf0,GLOBAL,luaH_newkey
000000000030c8e0,GLOBAL,strcpy
000000000032c510,GLOBAL,luaF_close
000000000030ab10,GLOBAL,nk_queue_destroy
0000000000318140,GLOBAL,nemo_event_broadcast
00000000003482c0,GLOBAL,bitmap_clear
000000000031f630,GLOBAL,apic_init
0000000000328700,GLOBAL,luaS_newudata
0000000000316080,GLOBAL,fabs
0000000000307280,GLOBAL,vscnprintf
000000000031cf90,GLOBAL,acpi_shutdown
000000000032a490,GLOBAL,lua_insert
00000000003165a0,GLOBAL,log
0000000000318520,GLOBAL,nemo_event_await
0000000000315da0,GLOBAL,textdomain
0000000000316580,GLOBAL,sqrt
000000000032ba70,GLOBAL,lua_pcallk
000000000032ac20,GLOBAL,lua_touserdata
0000000000347b30,GLOBAL,_Unwind_GetIPInfo
0000000000311d50,GLOBAL,nk_schedule
00000000003164c0,GLOBAL,cosh
000000000032b0a0,GLOBAL,lua_pushlightuserdata
0000000000346ce0,GLOBAL,acpi_find_root_pointer
0000000000314e20,GLOBAL,tmpfile
00000000003343b0,GLOBAL,luaK_setlist
0000000000323dd0,GLOBAL,luaD_rawrunprotected
0000000000315b70,GLOBAL,ioctl
000000000030de90,GLOBAL,nk_htable_insert
00000000003165d0,GLOBAL,writev
000000000032a320,GLOBAL,lua_atpanic
00000000003336f0,GLOBAL,luaK_exp2val
0000000000317e50,GLOBAL,__get_cpu_features
0000000000321930,GLOBAL,serial_print
0000000000344e10,GLOBAL,luaZ_openspace
0000000000347ad0,GLOBAL,_Unwind_GetIP
00000000003097d0,GLOBAL,nk_vc_setattr_specific
0000000000329f70,GLOBAL,luaX_setinput
000000000030ce70,GLOBAL,cpuid_leaf_max
0000000000338580,GLOBAL,luaO_ceillog2
000000000032a610,GLOBAL,lua_isnumber
00000000003155d0,GLOBAL,printf
00000000003073f0,GLOBAL,vsprintf
0000000000307580,GLOBAL,_doprnt
00000000003222e0,GLOBAL,luaE_setdebt
0000000000322340,GLOBAL,luaE_freeCI
0000000000324920,GLOBAL,luaD_call
000000000032bfc0,GLOBAL,lua_getallocf
000000000030e290,GLOBAL,nk_htable_dec
0000000000308d80,GLOBAL,nk_vc_display_char_specif
0000000000332b30,GLOBAL,luaK_nil
0000000000315940,GLOBAL,ungetc
00000000003466c0,GLOBAL,acpi_tb_install_table
000000000032fba0,GLOBAL,luaL_ref
0000000000312830,GLOBAL,nk_sched_init
0000000000321630,GLOBAL,vga_puts
0000000000313670,GLOBAL,nk_is_intel
0000000000305760,GLOBAL,simple_strtoll
000000000030f150,GLOBAL,nk_rand_init
0000000000320870,GLOBAL,kbd_init
0000000000333720,GLOBAL,luaK_exp2RK
00000000003268f0,GLOBAL,luaC_barrier_
0000000000314db0,GLOBAL,strerror
00000000003463d0,GLOBAL,acpi_tb_print_table_heade
0000000000318020,GLOBAL,nemo_event_notify
0000000000338d10,GLOBAL,luaO_pushfstring
000000000030fc50,GLOBAL,nk_get_num_cpus
0000000000322e90,GLOBAL,lua_sethook
000000000030dbb0,GLOBAL,nk_condvar_test
000000000030d510,GLOBAL,nk_rwlock_wr_lock_irq_sav
000000000030c4a0,GLOBAL,memmove
000000000032bb90,GLOBAL,lua_load
000000000031b650,GLOBAL,nk_launch_shell
0000000000321300,GLOBAL,vga_make_entry
0000000000347a70,GLOBAL,_Unwind_Resume_or_Rethrow
00000000003072b0,GLOBAL,snprintf
0000000000315be0,GLOBAL,syscall
0000000000308bc0,GLOBAL,nk_switch_to_vc
0000000000313780,GLOBAL,nk_acpi_init
000000000032c690,GLOBAL,luaF_freeproto
000000000032f9a0,GLOBAL,luaL_addlstring
0000000000344b40,GLOBAL,lua_main
000000000030d2c0,GLOBAL,spinlock_deinit
0000000000342b60,GLOBAL,luaopen_string
000000000032c430,GLOBAL,luaF_findupval
000000000033a000,GLOBAL,luaV_finishOp
000000000032b1c0,GLOBAL,lua_getfield
0000000000305620,GLOBAL,simple_strtol
000000000032c3a0,GLOBAL,luaF_newLclosure
0000000000315a20,GLOBAL,ftello64
0000000000317520,GLOBAL,__towupper_l
0000000000322ee0,GLOBAL,lua_gethookmask
0000000000309ce0,GLOBAL,nk_vc_getchar
000000000032bee0,GLOBAL,lua_concat
0000000000308b40,GLOBAL,nk_vc_is_active
0000000000330190,GLOBAL,luaL_callmeta
000000000030b3a0,GLOBAL,multiboot_get_phys_mem
0000000000331ec0,GLOBAL,luaopen_debug
0000000000323a80,GLOBAL,luaG_ordererror
0000000000332c10,GLOBAL,luaK_getlabel
00000000003335d0,GLOBAL,luaK_exp2nextreg
0000000000347bf0,GLOBAL,_Unwind_GetRegionStart
000000000032abe0,GLOBAL,lua_tocfunction
0000000000315130,GLOBAL,getenv
00000000003168e0,GLOBAL,wcslen
0000000000316550,GLOBAL,ceil
0000000000312ef0,GLOBAL,nk_core_barrier_wait
0000000000347c80,GLOBAL,_Znwm
0000000000333d90,GLOBAL,luaK_goiftrue
0000000000311e50,GLOBAL,nk_wait
000000000032be80,GLOBAL,lua_next
0000000000316560,GLOBAL,floor
0000000000317ad0,GLOBAL,strtold
0000000000338520,GLOBAL,luaO_int2fb
0000000000330400,GLOBAL,luaL_getsubtable
0000000000318b90,GLOBAL,enable_all_events
0000000000312ea0,GLOBAL,nk_core_barrier_lower
000000000030cd00,GLOBAL,str_tolower
0000000000307340,GLOBAL,scnprintf
0000000000316110,GLOBAL,fmodnew
0000000000321d00,GLOBAL,serial_print_list
00000000003481b0,GLOBAL,__bitmap_full
000000000030cfc0,GLOBAL,fpu_init
0000000000346fd0,GLOBAL,acpi_error
000000000030eed0,GLOBAL,nk_rb_first
00000000003216c0,GLOBAL,serial_init_addr
0000000000305460,GLOBAL,early_printk
0000000000305980,GLOBAL,vsscanf
0000000000319090,GLOBAL,mm_get_usable_ram
00000000003385c0,GLOBAL,luaO_arith
000000000030a410,GLOBAL,nk_vc_deinit
0000000000315500,GLOBAL,fscanf
0000000000316000,GLOBAL,fgets
00000000003466a0,GLOBAL,acpi_tb_checksum
0000000000326c30,GLOBAL,luaC_freeallobjects
0000000000308ca0,GLOBAL,nk_vc_scrollup_specific
000000000030ea30,GLOBAL,nk_rb_insert_color
000000000031a140,GLOBAL,buddy_alloc
0000000000311990,GLOBAL,nk_get_parent_tid
0000000000326a60,GLOBAL,luaC_checkfinalizer
000000000032fcc0,GLOBAL,luaL_unref
000000000032c400,GLOBAL,luaF_newupval
000000000032a3a0,GLOBAL,lua_gettop
0000000000333100,GLOBAL,luaK_dischargevars
0000000000315f10,GLOBAL,getc
0000000000317de0,GLOBAL,__kernel_standard
0000000000328250,GLOBAL,luaS_eqlngstr
000000000031fd90,GLOBAL,ioapic_unmask_irq
0000000000328db0,GLOBAL,luaX_newstring
000000000032ae80,GLOBAL,lua_pushvfstring
000000000030d5a0,GLOBAL,nk_rwlock_test
000000000030c440,GLOBAL,memcpy
0000000000320420,GLOBAL,nk_timer_handler
00000000003284a0,GLOBAL,luaS_newlstr
0000000000346630,GLOBAL,acpi_tb_verify_checksum
00000000003386c0,GLOBAL,luaO_str2d
0000000000315490,GLOBAL,setvbuf
000000000030e340,GLOBAL,nk_htable_search
000000000032fd50,GLOBAL,luaL_loadfilex
000000000032ac60,GLOBAL,lua_tothread
0000000000347260,GLOBAL,ping
0000000000333650,GLOBAL,luaK_exp2anyreg
000000000030b080,GLOBAL,imcr_begin_sym_io
000000000032f3b0,GLOBAL,luaL_checkstack
0000000000348140,GLOBAL,__bitmap_empty
0000000000318c50,GLOBAL,reset_all_counters
0000000000333b70,GLOBAL,luaK_storevar
000000000032a990,GLOBAL,lua_tointegerx
000000000030f020,GLOBAL,nk_rand_seed
000000000032b3d0,GLOBAL,lua_getmetatable
0000000000347990,GLOBAL,__cxa_finalize
000000000032f4d0,GLOBAL,luaL_checklstring
00000000003122e0,GLOBAL,nk_thread_exit
0000000000316800,GLOBAL,mbrtowc
0000000000316170,GLOBAL,ischar
0000000000308fe0,GLOBAL,nk_vc_putchar
0000000000308de0,GLOBAL,nk_vc_display_char
000000000032ad10,GLOBAL,lua_pushnumber
0000000000315360,GLOBAL,system
0000000000321e80,GLOBAL,serial_get_irq
0000000000315f90,GLOBAL,feof
0000000000339a80,GLOBAL,luaV_concat
000000000030ca70,GLOBAL,atox
0000000000309ec0,GLOBAL,nk_vc_gets
00000000003394b0,GLOBAL,luaV_settable
0000000000311c00,GLOBAL,nk_need_resched
000000000032f8b0,GLOBAL,luaL_prepbuffsize
000000000031af00,GLOBAL,malloc
0000000000315280,GLOBAL,remove
000000000032a430,GLOBAL,lua_remove
000000000032b590,GLOBAL,lua_setfield
0000000000322ef0,GLOBAL,lua_gethookcount
0000000000313620,GLOBAL,nk_is_amd
000000000031cd20,GLOBAL,arch_reserve_boot_regions
00000000003396a0,GLOBAL,luaV_lessthan
000000000030d2f0,GLOBAL,spin_lock_irq_save_nopaus
000000000030ad40,GLOBAL,irqmap_set_ioapic
000000000032b2e0,GLOBAL,lua_rawgetp
00000000003172f0,GLOBAL,btowc
0000000000316160,GLOBAL,ldexp
0000000000317600,GLOBAL,__strftime_l
00000000003063e0,GLOBAL,vsnprintf
000000000030ad10,GLOBAL,irq_to_vec
0000000000333e50,GLOBAL,luaK_goiffalse
0000000000333f00,GLOBAL,luaK_indexed
0000000000330730,GLOBAL,luaL_checkversion_
0000000000344d50,GLOBAL,luaZ_read
0000000000332e00,GLOBAL,luaK_codek
00000000003470b0,GLOBAL,acpi_warning
000000000030d4d0,GLOBAL,nk_rwlock_wr_lock
0000000000308b60,GLOBAL,nk_bind_vc
000000000030f070,GLOBAL,nk_rand_set_xi
000000000032ad90,GLOBAL,lua_pushlstring
0000000000317360,GLOBAL,strtold_l
0000000000347440,GLOBAL,ipi_begin_test
0000000000311fd0,GLOBAL,nk_join
0000000000344cd0,GLOBAL,luaZ_fill
000000000031f500,GLOBAL,apic_timer_setup
0000000000330070,GLOBAL,luaL_loadstring
00000000003181e0,GLOBAL,nemo_register_event_actio
000000000030adf0,GLOBAL,nk_irq_is_assigned
00000000003306e0,GLOBAL,luaL_newstate
000000000032a650,GLOBAL,lua_isstring
000000000032a810,GLOBAL,lua_compare
0000000000326a00,GLOBAL,luaC_newobj
0000000000324030,GLOBAL,luaD_shrinkstack
0000000000311450,GLOBAL,nk_tls_key_create
000000000032a560,GLOBAL,lua_pushvalue
000000000031fe30,GLOBAL,ioapic_init
000000000032b9a0,GLOBAL,lua_getctx
00000000003392a0,GLOBAL,luaV_tonumber
0000000000347190,GLOBAL,acpi_info
00000000003132d0,GLOBAL,nk_dump_mem
000000000030e750,GLOBAL,nk_htable_iter_remove
0000000000328810,GLOBAL,luaT_gettmbyobj
00000000003153d0,GLOBAL,fflush
00000000003230d0,GLOBAL,lua_getinfo
0000000000332d20,GLOBAL,luaK_patchlist
000000000031f000,GLOBAL,apic_do_eoi
0000000000309a70,GLOBAL,nk_dequeue_scancode
0000000000309880,GLOBAL,nk_vc_clear_specific
0000000000321f80,GLOBAL,luaM_realloc_
000000000032acf0,GLOBAL,lua_pushnil
000000000030c080,GLOBAL,nk_paging_init
00000000003218b0,GLOBAL,__serial_print
0000000000332fe0,GLOBAL,luaK_setreturns
00000000003204a0,GLOBAL,nk_sleep
0000000000313ca0,GLOBAL,nk_get_base_region_by_num
000000000032b0f0,GLOBAL,lua_getglobal
000000000032b740,GLOBAL,lua_rawsetp
000000000032ed50,GLOBAL,luaL_error
000000000030db00,GLOBAL,nk_condvar_bcast
0000000000321410,GLOBAL,vga_init
0000000000308ea0,GLOBAL,nk_vc_setpos
000000000030e8e0,GLOBAL,nk_destroy_htable_iter
000000000030d380,GLOBAL,nk_ticket_trylock
00000000003484b0,GLOBAL,bitmap_release_region
0000000000316fe0,GLOBAL,wmemcpy
0000000000315e20,GLOBAL,__nl_langinfo_l
000000000032b8f0,GLOBAL,lua_setuservalue
0000000000311130,GLOBAL,nk_set_thread_fork_output
0000000000347cc0,GLOBAL,_ZdlPv
000000000030d440,GLOBAL,nk_rwlock_rd_unlock
000000000032bfe0,GLOBAL,lua_setallocf
000000000032a3c0,GLOBAL,lua_settop
00000000003287c0,GLOBAL,luaT_gettm
00000000003190a0,GLOBAL,mm_get_all_mem
000000000030c680,GLOBAL,strncasecmp
000000000030ce10,GLOBAL,cpuid_get_model
0000000000317210,GLOBAL,wcsnrtombs
00000000003286c0,GLOBAL,luaS_new
0000000000321f60,GLOBAL,luaM_toobig
000000000030d7e0,GLOBAL,nk_condvar_wait
000000000032afa0,GLOBAL,lua_pushcclosure
0000000000345810,GLOBAL,acpi_os_vprintf
00000000003105f0,GLOBAL,nk_thread_queue_destroy
000000000032a520,GLOBAL,lua_copy
000000000031a840,GLOBAL,kmem_add_memory
00000000003269a0,GLOBAL,luaC_checkupvalcolor
000000000032c4d0,GLOBAL,luaF_freeupval
0000000000314990,GLOBAL,abort
00000000003300d0,GLOBAL,luaL_getmetafield
000000000030e6a0,GLOBAL,nk_htable_get_iter_key
0000000000327950,GLOBAL,luaH_resize
00000000003198b0,GLOBAL,mm_boot_alloc_aligned
00000000003170c0,GLOBAL,__stack_chk_fail
0000000000317830,GLOBAL,wcscoll
0000000000315e10,GLOBAL,__newlocale
000000000032a340,GLOBAL,lua_version
0000000000319020,GLOBAL,mm_boot_get_region
000000000030e1e0,GLOBAL,nk_htable_inc
0000000000319a80,GLOBAL,mm_boot_kmem_init
00000000003202d0,GLOBAL,i8254_calib_tsc
000000000032f7a0,GLOBAL,luaL_checkunsigned
000000000032aed0,GLOBAL,lua_pushfstring
0000000000310fb0,GLOBAL,nk_yield
000000000032f6a0,GLOBAL,luaL_checknumber
0000000000338560,GLOBAL,luaO_fb2int
0000000000326950,GLOBAL,luaC_barrierproto_
00000000003198d0,GLOBAL,mm_boot_free
000000000032f850,GLOBAL,luaL_optunsigned
0000000000316f00,GLOBAL,__freelocale
000000000030ca50,GLOBAL,strtol
0000000000334b60,GLOBAL,luaU_dump
000000000032ad50,GLOBAL,lua_pushunsigned
00000000003305b0,GLOBAL,luaL_gsub
0000000000311430,GLOBAL,nk_wake_waiters
000000000032aac0,GLOBAL,lua_tolstring
000000000030c400,GLOBAL,strnlen
00000000003213a0,GLOBAL,vga_init_screen
0000000000326930,GLOBAL,luaC_barrierback_
0000000000311260,GLOBAL,nk_thread_queue_wake_all
000000000030de80,GLOBAL,nk_htable_count
000000000032f480,GLOBAL,luaL_checkany
0000000000317130,GLOBAL,__wcsxfrm_l
000000000032ce20,GLOBAL,luaopen_bit32
0000000000313260,GLOBAL,__do_backtrace
0000000000323020,GLOBAL,lua_setlocal
0000000000332bf0,GLOBAL,luaK_ret
000000000032a590,GLOBAL,lua_type
000000000030b0a0,GLOBAL,nk_int_matches_bus
00000000003152f0,GLOBAL,rename
0000000000305840,GLOBAL,strict_strtol
000000000031f260,GLOBAL,apic_read_timer
0000000000316870,GLOBAL,__iswctype_l
0000000000327ca0,GLOBAL,luaH_resizearray
000000000030f740,GLOBAL,smp_bringup_aps
000000000032a5e0,GLOBAL,lua_iscfunction
0000000000347600,GLOBAL,ipi_oneway_test
0000000000321380,GLOBAL,vga_get_cursor
0000000000317670,GLOBAL,mbsnrtowcs
000000000030c990,GLOBAL,strrchr
0000000000317c90,GLOBAL,__ctype_tolower_loc
000000000033c510,GLOBAL,luaopen_os
0000000000316bf0,GLOBAL,__towlower_l
0000000000337240,GLOBAL,luaopen_naut
000000000033a1c0,GLOBAL,luaV_execute
000000000032b080,GLOBAL,lua_pushboolean
0000000000310610,GLOBAL,nk_enqueue_thread_on_runq
0000000000316180,GLOBAL,strtod
0000000000312500,GLOBAL,nk_sched_init_ap
0000000000338da0,GLOBAL,luaO_chunkid
000000000030dcd0,GLOBAL,nk_hash_long
000000000032a920,GLOBAL,lua_tonumberx
0000000000321d60,GLOBAL,serial_printlevel
000000000030cf70,GLOBAL,xm_handler
0000000000316720,GLOBAL,write
0000000000316e90,GLOBAL,wmemchr
000000000031c560,GLOBAL,arch_numa_init
000000000032fb30,GLOBAL,luaL_buffinit
0000000000317440,GLOBAL,__strtod_l
00000000003157f0,GLOBAL,__ctype_get_mb_cur_max
000000000030cde0,GLOBAL,cpuid_get_family
00000000003191b0,GLOBAL,mm_boot_reserve_vmem
000000000032a2c0,GLOBAL,lua_xmove
0000000000327750,GLOBAL,luaH_getstr
00000000003153f0,GLOBAL,fprintf
0000000000321170,GLOBAL,pci_cfg_writel
0000000000317590,GLOBAL,__uselocale
000000000030a060,GLOBAL,nk_vc_handle_input
000000000030c840,GLOBAL,strcat
0000000000321710,GLOBAL,serial_putchar
0000000000317050,GLOBAL,putwc
00000000003459f0,GLOBAL,acpi_table_print_madt_ent
000000000030eba0,GLOBAL,nk_rb_erase
000000000032b450,GLOBAL,lua_getuservalue
000000000032b540,GLOBAL,lua_settable
000000000030ce90,GLOBAL,detect_cpu
0000000000313880,GLOBAL,nk_cpu_topo_discover
0000000000332d60,GLOBAL,luaK_jump
000000000030a150,GLOBAL,nk_vc_init
000000000031cf60,GLOBAL,reboot
000000000030d2d0,GLOBAL,spin_lock_nopause
00000000003217d0,GLOBAL,serial_putlnn
0000000000319060,GLOBAL,mm_boot_num_regions
0000000000334150,GLOBAL,luaK_infix
000000000032c740,GLOBAL,luaF_getlocalname
00000000003455c0,GLOBAL,luaU_undump
000000000031f270,GLOBAL,apic_self_ipi
000000000030fb90,GLOBAL,smp_setup_xcall_bsp
0000000000309740,GLOBAL,nk_release_vc
0000000000311150,GLOBAL,nk_thread_queue_wake_one
00000000003459d0,GLOBAL,acpi_os_unmap_memory
000000000032ab70,GLOBAL,lua_rawlen
0000000000316120,GLOBAL,modf
0000000000347a40,GLOBAL,_Unwind_Resume
00000000003141d0,GLOBAL,nk_get_num_domains
000000000032eca0,GLOBAL,luaL_where
000000000032fa30,GLOBAL,luaL_pushresult
0000000000347b90,GLOBAL,_Unwind_DeleteException
0000000000315860,GLOBAL,fseek
0000000000328880,GLOBAL,luaX_init
0000000000309f80,GLOBAL,nk_vc_get_scancode
000000000032b7f0,GLOBAL,lua_setmetatable
0000000000309b60,GLOBAL,nk_vc_wait
0000000000309170,GLOBAL,nk_vc_puts
000000000030ca10,GLOBAL,strtoi
000000000030aab0,GLOBAL,nk_queue_create
0000000000339830,GLOBAL,luaV_equalobj_
0000000000345f10,GLOBAL,acpi_table_parse
000000000030b5e0,GLOBAL,multiboot_parse
0000000000311980,GLOBAL,nk_get_tid
00000000003160d0,GLOBAL,fmod
0000000000320bb0,GLOBAL,kbd_deinit
0000000000324280,GLOBAL,luaD_precall
00000000003164b0,GLOBAL,cos
0000000000312f40,GLOBAL,nk_core_barrier_arrive
000000000030a820,GLOBAL,setup_idt
000000000030a760,GLOBAL,idt_assign_entry
0000000000316520,GLOBAL,tanh
00000000003107a0,GLOBAL,nk_thread_create
000000000030d340,GLOBAL,nk_ticket_lock_deinit
0000000000316070,GLOBAL,memchr
00000000003484d0,GLOBAL,bitmap_allocate_region
000000000032ac80,GLOBAL,lua_topointer
0000000000322930,GLOBAL,lua_close
000000000032aa00,GLOBAL,lua_tounsignedx
000000000032b6b0,GLOBAL,lua_rawseti
0000000000317280,GLOBAL,__strcoll_l
000000000032b240,GLOBAL,lua_rawget
000000000030f720,GLOBAL,smp_early_init
0000000000345900,GLOBAL,acpi_os_get_root_pointer
00000000003164d0,GLOBAL,mktime
000000000030ffc0,GLOBAL,idle
0000000000327380,GLOBAL,luaH_next
000000000030cd50,GLOBAL,str_toupper
0000000000314e90,GLOBAL,ferror
000000000030cc60,GLOBAL,strstr
000000000031f450,GLOBAL,apic_bcast_deinit_iipi
0000000000316490,GLOBAL,sin
0000000000305930,GLOBAL,strict_strtoll
00000000003211b0,GLOBAL,pci_init
0000000000339750,GLOBAL,luaV_lessequal
0000000000314c00,GLOBAL,rand
0000000000312dd0,GLOBAL,nk_barrier_wait
0000000000347910,GLOBAL,__cxa_pure_virtual
0000000000324cc0,GLOBAL,luaD_protectedparser
0000000000311900,GLOBAL,nk_tls_get
00000000003091a0,GLOBAL,nk_vc_printf
000000000032bc70,GLOBAL,lua_dump
000000000032f530,GLOBAL,luaL_optlstring
00000000003160b0,GLOBAL,atan2
0000000000326f00,GLOBAL,luaC_forcestep
00000000003153e0,GLOBAL,signal
0000000000316d40,GLOBAL,read
000000000032f1c0,GLOBAL,luaL_newmetatable
000000000031f370,GLOBAL,apic_send_sipi
000000000030cf40,GLOBAL,mf_handler
00000000003190b0,GLOBAL,mm_dump_page_map
000000000030e6c0,GLOBAL,nk_htable_iter_advance
0000000000305340,GLOBAL,vprintk
000000000030e600,GLOBAL,nk_create_htable_iter
000000000030bc70,GLOBAL,nk_map_page
0000000000317980,GLOBAL,iswctype
0000000000316500,GLOBAL,strcoll
000000000030c610,GLOBAL,strncmp
000000000030d9a0,GLOBAL,nk_condvar_signal
0000000000323b60,GLOBAL,luaD_throw
000000000031f4a0,GLOBAL,apic_bcast_sipi
000000000030b110,GLOBAL,nk_add_bus_entry
000000000032f060,GLOBAL,luaL_fileresult
00000000003389b0,GLOBAL,luaO_pushvfstring
000000000030d2b0,GLOBAL,spinlock_init
00000000003381b0,GLOBAL,luaopen_package
0000000000347710,GLOBAL,ipi_bcast_test
00000000003169c0,GLOBAL,wmemset
000000000031f400,GLOBAL,apic_bcast_iipi
0000000000316590,GLOBAL,pow
0000000000321a40,GLOBAL,serial_print_hex
000000000032c000,GLOBAL,lua_newuserdata
000000000030c910,GLOBAL,strncpy
00000000003164a0,GLOBAL,sinh
000000000030c5b0,GLOBAL,strcasecmp
000000000032bf80,GLOBAL,lua_len
0000000000346f70,GLOBAL,acpi_ut_set_integer_width
00000000003165b0,GLOBAL,log10
0000000000324180,GLOBAL,luaD_poscall
0000000000323e50,GLOBAL,luaD_reallocstack
0000000000348050,GLOBAL,find_next_zero_bit
00000000003304c0,GLOBAL,luaL_requiref
000000000031b3c0,GLOBAL,realloc
0000000000328750,GLOBAL,luaT_init
00000000003178a0,GLOBAL,towupper
000000000030fc70,GLOBAL,smp_xcall
00000000003053c0,GLOBAL,panic
00000000003275f0,GLOBAL,luaH_new
0000000000347940,GLOBAL,__cxa_atexit
000000000032f260,GLOBAL,luaL_setmetatable
0000000000309ba0,GLOBAL,nk_vc_get_keycode
00000000003093e0,GLOBAL,nk_create_vc
00000000003057a0,GLOBAL,strict_strtoul
0000000000338690,GLOBAL,luaO_hexavalue
000000000032c5e0,GLOBAL,luaF_newproto
00000000003276d0,GLOBAL,luaH_getint
000000000030c530,GLOBAL,memcmp
000000000032c360,GLOBAL,luaF_newCclosure
00000000003150c0,GLOBAL,fdopen
00000000003133a0,GLOBAL,nk_stack_dump
00000000003280a0,GLOBAL,luaH_set
0000000000319260,GLOBAL,mm_boot_init
0000000000332db0,GLOBAL,luaK_codeABC
0000000000306290,GLOBAL,sscanf
0000000000339340,GLOBAL,luaV_gettable
0000000000305480,GLOBAL,printk
0000000000320360,GLOBAL,i8254_init
000000000030d350,GLOBAL,nk_ticket_lock
000000000031ba50,GLOBAL,init
0000000000347b60,GLOBAL,_Unwind_RaiseException
00000000003270f0,GLOBAL,luaC_step
00000000003240b0,GLOBAL,luaD_hook
000000000031bed0,GLOBAL,nk_mwait_init
000000000031f200,GLOBAL,apic_wait_for_send
000000000030ab90,GLOBAL,nk_dequeue_entry
000000000030c880,GLOBAL,strncat
0000000000332f10,GLOBAL,luaK_numberK
0000000000312190,GLOBAL,nk_join_all_children
0000000000321830,GLOBAL,serial_write
000000000030d330,GLOBAL,nk_ticket_lock_init
0000000000314c50,GLOBAL,srand48
0000000000309af0,GLOBAL,nk_dequeue_keycode
000000000030bf40,GLOBAL,nk_map_page_nocache
0000000000319420,GLOBAL,mm_boot_free_vmem
000000000030f090,GLOBAL,nk_get_rand_bytes
0000000000315710,GLOBAL,fread
0000000000332d00,GLOBAL,luaK_patchtohere
000000000031f2b0,GLOBAL,apic_send_iipi
0000000000332e70,GLOBAL,luaK_checkstack
0000000000308c00,GLOBAL,nk_switch_to_prev_vc
000000000030c700,GLOBAL,strdup
0000000000345d80,GLOBAL,acpi_table_parse_entries
000000000032fa80,GLOBAL,luaL_pushresultsize
0000000000347b00,GLOBAL,_Unwind_SetIP
000000000030b560,GLOBAL,mb_get_first_hrt_addr
0000000000326ce0,GLOBAL,luaC_runtilstate
0000000000318680,GLOBAL,assign_perf_event
0000000000332c20,GLOBAL,luaK_patchclose
00000000003224b0,GLOBAL,lua_newstate
0000000000322300,GLOBAL,luaE_extendCI
0000000000314fe0,GLOBAL,fopen
0000000000339320,GLOBAL,luaV_tostring
0000000000319450,GLOBAL,__mm_boot_alloc
00000000003164e0,GLOBAL,localtime
000000000030c470,GLOBAL,memset
000000000030ef00,GLOBAL,nk_rb_last
000000000032bcb0,GLOBAL,lua_status
0000000000309270,GLOBAL,nk_vc_log
0000000000347e50,GLOBAL,main
0000000000321330,GLOBAL,vga_set_cursor
00000000003114c0,GLOBAL,nk_tls_key_delete
00000000003098d0,GLOBAL,nk_vc_clear
000000000031f240,GLOBAL,apic_get_maxlvt
00000000003461b0,GLOBAL,acpi_tb_verify_table
0000000000309950,GLOBAL,nk_enqueue_scancode
0000000000336440,GLOBAL,luaopen_io
000000000032b4b0,GLOBAL,lua_setglobal
0000000000315a90,GLOBAL,ftell
0000000000314c30,GLOBAL,srand
000000000032be70,GLOBAL,lua_error
00000000003174b0,GLOBAL,__wctype_l
0000000000317d00,GLOBAL,strxfrm
000000000030dd20,GLOBAL,nk_hash_buffer
0000000000324b60,GLOBAL,lua_yieldk
0000000000328110,GLOBAL,luaH_getn
0000000000316cd0,GLOBAL,mbsrtowcs
0000000000317a60,GLOBAL,wctype
0000000000315570,GLOBAL,clearerr
000000000032f9f0,GLOBAL,luaL_addstring
0000000000347ce0,GLOBAL,_ZdaPv
0000000000318440,GLOBAL,nemo_unregister_event_act
00000000003239f0,GLOBAL,luaG_concaterror
0000000000314f70,GLOBAL,fclose
000000000032a370,GLOBAL,lua_absindex
000000000030b050,GLOBAL,disable_8259pic
000000000030ae20,GLOBAL,register_int_handler
0000000000314b00,GLOBAL,time
000000000030cda0,GLOBAL,msr_write
0000000000314b40,GLOBAL,__assert_fail
0000000000315b00,GLOBAL,poll
000000000030e4c0,GLOBAL,nk_free_htable
0000000000330290,GLOBAL,luaL_tolstring
000000000030b430,GLOBAL,multiboot_get_sys_ram
0000000000315210,GLOBAL,tmpnam
00000000003165c0,GLOBAL,exp
0000000000310cd0,GLOBAL,nk_thread_run
000000000031cd30,GLOBAL,arch_detect_mem_map
0000000000316b10,GLOBAL,putc
0000000000324c10,GLOBAL,luaD_pcall
0000000000316e20,GLOBAL,__strxfrm_l
0000000000309c80,GLOBAL,nk_vc_getchar_extended
0000000000312430,GLOBAL,nk_thread_queue_sleep
000000000032a200,GLOBAL,lua_checkstack
00000000003136c0,GLOBAL,nk_detect_cpu_freq
0000000000313d80,GLOBAL,nk_dump_numa_info
0000000000319de0,GLOBAL,mm_boot_kmem_cleanup
0000000000333f40,GLOBAL,luaK_prefix
000000000030c570,GLOBAL,strcmp
000000000032b180,GLOBAL,lua_gettable
00000000003177c0,GLOBAL,pthread_mutex_unlock
000000000032faa0,GLOBAL,luaL_addvalue
00000000003282a0,GLOBAL,luaS_eqstr
000000000032ae00,GLOBAL,lua_pushstring
0000000000314c70,GLOBAL,lrand48
0000000000321e90,GLOBAL,serial_init
0000000000316510,GLOBAL,tan
00000000003236b0,GLOBAL,luaG_errormsg
000000000030e810,GLOBAL,nk_htable_iter_search
0000000000318fd0,GLOBAL,pmc_init
00000000003191e0,GLOBAL,mm_boot_free_mem
0000000000327650,GLOBAL,luaH_free
0000000000330040,GLOBAL,luaL_loadbufferx
000000000032ee30,GLOBAL,luaL_argerror
000000000030b310,GLOBAL,nk_int_init
0000000000312c60,GLOBAL,nk_tls_test
000000000030ef30,GLOBAL,nk_rb_next
0000000000328330,GLOBAL,luaS_resize
0000000000323750,GLOBAL,luaG_runerror
0000000000316090,GLOBAL,atan
000000000030ef70,GLOBAL,nk_rb_prev
0000000000307410,GLOBAL,sprintf
000000000031f1f0,GLOBAL,apic_get_id
00000000003106d0,GLOBAL,nk_dequeue_thread_from_ru
0000000000334390,GLOBAL,luaK_fixline
0000000000316570,GLOBAL,difftime
0000000000317b40,GLOBAL,strtof
000000000030cbf0,GLOBAL,strcspn
0000000000322ed0,GLOBAL,lua_gethook
0000000000308c50,GLOBAL,nk_switch_to_next_vc
0000000000308d00,GLOBAL,nk_vc_scrollup
000000000030e6b0,GLOBAL,nk_htable_get_iter_value
0000000000316530,GLOBAL,asin
0000000000310420,GLOBAL,nk_thread_queue_create
000000000031f310,GLOBAL,apic_deinit_iipi
0000000000315c50,GLOBAL,setlocale
000000000030bfd0,GLOBAL,nk_pf_handler
0000000000321320,GLOBAL,vga_make_color
0000000000347c20,GLOBAL,_Unwind_GetTextRelBase
000000000030d6c0,GLOBAL,nk_condvar_init
000000000030ac70,GLOBAL,nk_dequeue_first_atomic
0000000000316f70,GLOBAL,__wcsftime_l
000000000030dd70,GLOBAL,nk_create_htable
0000000000321870,GLOBAL,serial_puts
0000000000345f90,GLOBAL,acpi_table_init
0000000000332ee0,GLOBAL,luaK_stringK
000000000030c7d0,GLOBAL,strsep
000000000030acd0,GLOBAL,nk_queue_empty_atomic
0000000000348220,GLOBAL,bitmap_set
0000000000316950,GLOBAL,__strtof_l
000000000032f750,GLOBAL,luaL_checkinteger
000000000030cdc0,GLOBAL,msr_read
0000000000305890,GLOBAL,strict_strtoull
000000000031c680,GLOBAL,arch_early_init
000000000030ad70,GLOBAL,nk_mask_irq
000000000030d3f0,GLOBAL,nk_rwlock_init
0000000000348410,GLOBAL,bitmap_find_free_region
0000000000318530,GLOBAL,nemo_init
000000000031a8a0,GLOBAL,nk_kmem_init
0000000000315780,GLOBAL,getwc
000000000030d500,GLOBAL,nk_rwlock_wr_unlock
0000000000322f00,GLOBAL,lua_getstack
000000000032e310,GLOBAL,luaopen_base
0000000000315670,GLOBAL,fputc
000000000030adb0,GLOBAL,nk_unmask_irq
0000000000347ca0,GLOBAL,_Znam
0000000000316b80,GLOBAL,__wcscoll_l
000000000033ff00,GLOBAL,luaY_parser
000000000030d770,GLOBAL,nk_condvar_destroy
0000000000309700,GLOBAL,nk_destroy_vc
000000000031fc80,GLOBAL,ioapic_mask_irq
0000000000317bb0,GLOBAL,__ctype_b_loc
0000000000347bc0,GLOBAL,_Unwind_GetLanguageSpecif
0000000000332eb0,GLOBAL,luaK_reserveregs
0000000000326d30,GLOBAL,luaC_fullgc
0000000000343900,GLOBAL,luaopen_table
000000000030ad00,GLOBAL,irqs_enabled
000000000030d410,GLOBAL,nk_rwlock_rd_lock
0000000000332de0,GLOBAL,luaK_codeABx
0000000000319890,GLOBAL,mm_boot_alloc
000000000030ce50,GLOBAL,cpuid_get_step
00000000003277b0,GLOBAL,luaH_get
0000000000333ca0,GLOBAL,luaK_self
0000000000326b70,GLOBAL,luaC_changemode
000000000030b200,GLOBAL,nk_add_int_entry
00000000003278c0,GLOBAL,luaH_setint
0000000000315f80,GLOBAL,strftime
0000000000310e10,GLOBAL,nk_thread_destroy
0000000000318a00,GLOBAL,disable_perf_event
0000000000319070,GLOBAL,mm_boot_last_pfn
0000000000320810,GLOBAL,kbd_reset
000000000030b4e0,GLOBAL,mb_is_hrt_environ
0000000000347d00,GLOBAL,nk_cxx_init
0000000000347f70,GLOBAL,find_next_bit
00000000003173d0,GLOBAL,wmemcmp
00000000003214e0,GLOBAL,vga_putchar
0000000000316db0,GLOBAL,wmemmove
0000000000312d30,GLOBAL,nk_barrier_destroy
0000000000305520,GLOBAL,simple_strtoul
0000000000323a30,GLOBAL,luaG_aritherror
00000000003156d0,GLOBAL,fwrite
000000000032c250,GLOBAL,lua_upvalueid
0000000000311930,GLOBAL,nk_tls_set
0000000000313120,GLOBAL,nk_barrier_test
000000000032a4f0,GLOBAL,lua_replace
0000000000346800,GLOBAL,acpi_tb_parse_root_table
0000000000316aa0,GLOBAL,__fxstat64
000000000032bcc0,GLOBAL,lua_gc
000000000032f2a0,GLOBAL,luaL_testudata
0000000000309810,GLOBAL,nk_vc_setattr
0000000000321a90,GLOBAL,serial_mem_dump
0000000000318c90,GLOBAL,release_perf_event
0000000000328d90,GLOBAL,luaX_syntaxerror
00000000003282e0,GLOBAL,luaS_hash
00000000003227e0,GLOBAL,lua_newthread
000000000032f350,GLOBAL,luaL_checkudata
000000000031a310,GLOBAL,buddy_free
0000000000314f00,GLOBAL,freopen
0000000000318df0,GLOBAL,read_event_count
00000000003288e0,GLOBAL,luaX_token2str
0000000000317750,GLOBAL,pthread_mutex_lock
0000000000314cd0,GLOBAL,drand48
0000000000345860,GLOBAL,acpi_os_printf
0000000000315e90,GLOBAL,gettext
0000000000309090,GLOBAL,nk_vc_print
00000000003149c0,GLOBAL,__popcountdi2
000000000032c130,GLOBAL,lua_setupvalue
00000000003238a0,GLOBAL,luaG_typeerror
0000000000316640,GLOBAL,ungetwc
0000000000330860,GLOBAL,luaL_setfuncs
00000000003228e0,GLOBAL,luaE_freethread
0000000000321130,GLOBAL,pci_cfg_writew
0000000000339de0,GLOBAL,luaV_objlen
000000000032c2c0,GLOBAL,lua_upvaluejoin
0000000000323f90,GLOBAL,luaD_growstack
00000000003179f0,GLOBAL,wcsftime
00000000003133f0,GLOBAL,nk_print_regs
000000000032e8c0,GLOBAL,luaL_traceback
00000000003166b0,GLOBAL,__errno_location
000000000031a7a0,GLOBAL,kmem_get_base_zone
000000000032a060,GLOBAL,luaX_lookahead
0000000000313d60,GLOBAL,nk_my_numa_node
000000000030efb0,GLOBAL,nk_rb_replace_node
0000000000314a30,GLOBAL,exit
0000000000347aa0,GLOBAL,_Unwind_SetGR
000000000030af30,GLOBAL,register_irq_handler
000000000032f700,GLOBAL,luaL_optnumber
000000000032b290,GLOBAL,lua_rawgeti
0000000000318870,GLOBAL,enable_perf_event
0000000000317910,GLOBAL,towlower
0000000000333090,GLOBAL,luaK_setoneret
000000000032b9d0,GLOBAL,lua_callk
000000000032f7f0,GLOBAL,luaL_optinteger
0000000000315d30,GLOBAL,bindtextdomain
0000000000312ca0,GLOBAL,nk_barrier_init
0000000000345550,GLOBAL,luaU_header
000000000031b5d0,GLOBAL,test_setlong
000000000030caf0,GLOBAL,strtox
0000000000321480,GLOBAL,vga_scrollup
00000000003171a0,GLOBAL,wcscmp
0000000000319f30,GLOBAL,buddy_init
0000000000346240,GLOBAL,acpi_tb_resize_root_table
000000000030c9e0,GLOBAL,atoi
000000000032b0c0,GLOBAL,lua_pushthread
0000000000337160,GLOBAL,luaopen_math
000000000032a000,GLOBAL,luaX_next
0000000000316a30,GLOBAL,fileno
00000000003324f0,GLOBAL,luaopen_coroutine
0000000000317c20,GLOBAL,__ctype_toupper_loc
000000000030f4a0,GLOBAL,smp_ap_entry
0000000000308f70,GLOBAL,nk_vc_setpos_specific
000000000030a130,GLOBAL,nk_switch_to_vc_list
0000000000347340,GLOBAL,ipi_test_setup
0000000000304000,GLOBAL,Format_Output
000000000032b610,GLOBAL,lua_rawset
000000000030abc0,GLOBAL,nk_dequeue_entry_atomic
000000000030a640,GLOBAL,null_irq_handler
000000000032fb60,GLOBAL,luaL_buffinitsize
0000000000318ed0,GLOBAL,perf_report
00000000003164f0,GLOBAL,gmtime
000000000030cb80,GLOBAL,strspn
0000000000316c60,GLOBAL,wctob
000000000031cf80,GLOBAL,acpi_reboot
0000000000330210,GLOBAL,luaL_len
00000000003176e0,GLOBAL,pthread_mutex_init
0000000000313d30,GLOBAL,nk_get_base_region_by_cpu
000000000030c3e0,GLOBAL,strlen
00000000003159b0,GLOBAL,lseek64
000000000032f5b0,GLOBAL,luaL_checkoption
0000000000332c90,GLOBAL,luaK_concat
00000000003459e0,GLOBAL,early_acpi_os_unmap_memor
0000000000312fa0,GLOBAL,nk_core_barrier_raise
000000000032f420,GLOBAL,luaL_checktype
000000000030d370,GLOBAL,nk_ticket_unlock
00000000003151a0,GLOBAL,clock
000000000032f130,GLOBAL,luaL_execresult
0000000000317d70,GLOBAL,wcsxfrm
0000000000315cc0,GLOBAL,__duplocale
0000000000316480,GLOBAL,abs
000000000030c960,GLOBAL,strchr
0000000000310b00,GLOBAL,nk_thread_start
00000000003210f0,GLOBAL,pci_cfg_readl
00000000003460d0,GLOBAL,acpi_get_table_with_size
0000000000320540,GLOBAL,nk_timer_init
0000000000344d20,GLOBAL,luaZ_init
00000000003156a0,GLOBAL,fputs
0000000000347c50,GLOBAL,_Unwind_GetDataRelBase
000000000030ac30,GLOBAL,nk_dequeue_first
000000000032a750,GLOBAL,lua_arith
0000000000322f40,GLOBAL,lua_getlocal
0000000000339f40,GLOBAL,luaV_arith
0000000000318bf0,GLOBAL,disable_all_events
0000000000316540,GLOBAL,acos
000000000032aa80,GLOBAL,lua_toboolean
000000000032a5c0,GLOBAL,lua_typename
000000000030d580,GLOBAL,nk_rwlock_wr_unlock_irq_r
0000000000348360,GLOBAL,bitmap_find_next_zero_are
000000000031a710,GLOBAL,buddy_dump_mempool
0000000000322030,GLOBAL,luaM_growaux_
000000000032a690,GLOBAL,lua_isuserdata
0000000000306320,GLOBAL,warn_slowpath
00000000003210b0,GLOBAL,pci_cfg_readw
00000000003215f0,GLOBAL,vga_print
000000000030a500,GLOBAL,null_excp_handler
00000000003099e0,GLOBAL,nk_enqueue_keycode
00000000003158d0,GLOBAL,fseeko64
0000000000345930,GLOBAL,acpi_os_map_memory
0000000000316790,GLOBAL,wcrtomb
00000000003119c0,GLOBAL,__thread_fork
000000000030e3e0,GLOBAL,nk_htable_remove
0000000000316140,GLOBAL,frexp
000000000032a6c0,GLOBAL,lua_rawequal
000000000030b390,GLOBAL,multiboot_get_size
000000000030e110,GLOBAL,nk_htable_change
00000000003336c0,GLOBAL,luaK_exp2anyregup
0000000000319130,GLOBAL,mm_boot_reserve_mem
0000000000314b90,GLOBAL,vfprintf
0000000000334450,GLOBAL,luaL_openlibs
000000000030c780,GLOBAL,strpbrk
00000000003341d0,GLOBAL,luaK_posfix
000000000031b1d0,GLOBAL,free
000000000032b340,GLOBAL,lua_createtable
0000000000345fc0,GLOBAL,acpi_initialize_tables
000000000031a7f0,GLOBAL,kmem_get_region_by_addr
0000000000305660,GLOBAL,simple_strtoull
000000000032ad30,GLOBAL,lua_pushinteger
0000000000315050,GLOBAL,fopen64
